pred_date,asset,horizon,days,prob_up,base_prob_up,ref_close,due_close,realized_ret,hit,brier,brier_base
2026-09-30,VNINDEX,1 tuần,5,0.5891,0.5891,1784.19,,,,,
2026-09-30,VNINDEX,1 tháng,20,0.5953,0.5953,1784.19,,,,,
2026-09-30,VNINDEX,3 tháng,60,0.6186,0.6186,1784.19,,,,,
2026-09-30,FPT,1 tuần,5,0.5428,0.5428,63.8,,,,,
2026-09-30,FPT,1 tháng,20,0.6119,0.6119,63.8,,,,,
2026-09-30,FPT,3 tháng,60,0.6537,0.6537,63.8,,,,,
2026-09-30,VCB,1 tuần,5,0.5074,0.5074,58.4,,,,,
2026-09-30,VCB,1 tháng,20,0.56,0.56,58.4,,,,,
2026-09-30,VCB,3 tháng,60,0.6143,0.6143,58.4,,,,,
2026-09-30,HPG,1 tuần,5,0.4692,0.5188,20.4,,,,,
2026-09-30,HPG,1 tháng,20,0.56,0.56,20.4,,,,,
2026-09-30,HPG,3 tháng,60,0.566,0.566,20.4,,,,,
2026-09-29,GOLD_USD,1 tuần,5,0.573,0.573,4210.5,,,,,
2026-09-29,GOLD_USD,1 tháng,20,0.5745,0.5745,4210.5,,,,,
2026-09-29,GOLD_USD,3 tháng,60,0.6602,0.6602,4210.5,,,,,
2026-09-29,GOLD_VND,1 tuần,5,0.5706,0.5706,131.8290820063563,,,,,
2026-09-29,GOLD_VND,1 tháng,20,0.5883,0.5883,131.8290820063563,,,,,
2026-09-29,GOLD_VND,3 tháng,60,0.684,0.684,131.8290820063563,,,,,
2026-09-30,VNINDEX,Quan điểm (1 tháng),20,0.5,0.5953,1784.19,,,,,
2026-09-30,FPT,Quan điểm (1 tháng),20,0.5,0.6119,63.8,,,,,
2026-09-30,VCB,Quan điểm (1 tháng),20,0.5,0.56,58.4,,,,,
2026-09-30,HPG,Quan điểm (1 tháng),20,0.5,0.56,20.4,,,,,
2026-09-29,GOLD_VND,Quan điểm (1 tháng),20,0.5,0.5883,131.8290820063563,,,,,
